"Title","Public Sector Employment by Sector; Central Gov; UK; HC; NSA; Thousands","Public Sector Employment by Sector; Local Gov; UK; HC; NSA; Thousands","Public Sector Employment by Sector; Total General Gov; UK; HC; NSA; Thousands","Public Sector Employment by Sector; Total Public Corps; UK; HC; NSA; Thousands","Public Sector Employment by Sector; Total Public Sector; UK; HC; NSA; Thousands","Public Sector Employment by Sector; Civil Service; GB; HC; NSA; Thousands","Public Sector Employment by Sector; Central Gov; UK; FTE; NSA; Thousands","Public Sector Employment by Sector; Local Gov; UK; FTE; NSA; Thousands","Public Sector Employment by Sector; Total General Gov; UK; FTE; NSA; Thousands","Public Sector Employment by Sector; Total Public Corps; UK; FTE; NSA; Thousands","Public Sector Employment by Sector; Total Public Sector; UK; FTE; NSA; Thousands","Public Sector Employment by Sector; Civil Service; GB; FTE; NSA; Thousands","Public Sector Employment by Industry; Construction; UK; HC; NSA; Thousands","Public Sector Employment by Industry; HM Forces; UK; HC; NSA; Thousands","Public Sector Employment by Industry; Police; UK; HC; NSA; Thousands","Public Sector Employment by Industry; Public Admin; UK; HC; NSA; Thousands","Public Sector Employment by Industry; Education; UK; HC; NSA; Thousands","Public Sector Employment by Industry; NHS; UK; HC; NSA; Thousands","Public Sector Employment by Industry; Other Health & Social; UK;HC;NSA;Thousands","Public Sector Employment by Industry; Other Public Sector; UK; HC; NSA;Thousands","Public Sector Employment by Industry; HM Forces; UK; FTE; NSA; Thousands","Public Sector Employment by Industry; Police; UK; FTE; NSA; Thousands","Public Sector Employment by Industry; Public Admin; UK; FTE; NSA; Thousands","Public Sector Employment by Industry; Education; UK; FTE; NSA; Thousands","Public Sector Employment by Industry; NHS; UK; FTE; NSA; Thousands","Public Sector Employment by Industry; Other Health & Social;UK;FTE;NSA;Thousands","Public Sector Employment by Industry; Other Public Sector; UK; FTE NSA;Thousands","Private Sector Employment: UK; HC; NSA; Thousands","Total employment (LFS);UK; HC; NSA; Thousands","Public sector employment as % of total employment; UK; HC; NSA; percentage","Private sector employment as % of total employment; UK; HC; NSA; Percentage","Public Sector Employment by Sector; Central Gov; UK; HC; SA; Thousands","Public Sector Employment by Sector; Local Gov; UK ;HC; SA; Thousands","Public Sector Employment by Sector; Total General Gov; UK; HC; SA; Thousands","Public Sector Employment for Sector; Total Public Corp; HC; SA; Thousands","Public Sector Employment by Sector; Total Public Sector; UK; HC; SA; Thousands","Public Sector Employment by Sector; Civil Service; GB; HC; SA; Thousands","Public Sector Employment by Industry;Construction;UK;HC;SA; Thousands","Public Sector Employment by Industry;HM Forces;UK;HC;SA;Thousands","Public Sector Employment by Industry;Police;UK;HC;SA;Thousands","Public Sector Employment by Industry;Public Admin:UK;HC;SA;Thousands","Public Sector Employment by Industry;Education:UK;HC;SA;Thousands.","Public Sector Employment by Industry;NHS;UK;HC;SA;Thousands","Public Sector Employment by Industry: Other Health & Social;UK;HC;SA;Thousands","Public Sector Employment by Industry;Other Public Sector;UK;HC;SA;Thousands","Public Sector Employment by Sector;Central Gov;UK;FTE;SA;Thousands","Public Sector Employment by Sector;Local Gov;UK;FTE;SA;Thousands","Public Sector Employment by Sector;Total General Gov;UK;FTE;SA;Thousands","Public Sector Employment by Sector;Total Public Corps;UK;FTE;SAThousands","Public Sector Employment by Sector; Total Public Sector; UK; FTE; SA;Thousands","Public Sector Employment by Sector; Civil Service; GB; FTE; SA; Thousands","Public Sector Employment by Industry; HM Forces; UK; FTE; SA; Thousands","Public Sector Employment by Industry; Police; UK; FTE; SA; Thousands","Public Sector Employment by Industry; Public Adm;UK;FTE;SA;Thousands","Public Sector Employment by Sector;Education;UK;FTE;SA;Thousands","Public Sector Employment by Industry; NHS; UK; FTE; SA; Thousands","Total employment (LFS); UK; HC; SA; Thousands","Public Sector Employment by Industry;Other Health&Social;UK;FTE;SA;Thousands","Public Sector Employment by Industry; Other Public Sector; UK; FTE;SA;Thousands","Private Sector Employment: UK; HC; SA; Thousands","Public Sector Employment as % of Total Employment;UK;HC;SA;Percentage","Private Sector Employment as % of Total Employment;UK;HC;SA;Percentage","Public Sector Employment excl major reclassifications; UK; HC; NSA; Thousands","Public Sector Employment excl major reclassifications; UK; HC; NSA; Percentage","Private Sector Employment excl major reclassifications: UK; HC; NSA; Thousands","Private Sector Employment excl major reclassifications; UK;HC;NSA;Percentage","Private Sector Employment excl major reclassifications; UK;HC;SA;Percentage","Public Sector Employment excl major reclassifications; UK; HC; SA; Thousands","Public Sector Employment excl major reclassifications; UK; HC; SA; Percentage","Private Sector Employment excl major reclassifications: UK; HC; SA; Thousands"
"CDID","C9K9","C9KA","C9KB","C9KC","C9KD","C9KE","C9KL","C9KM","C9KN","C9KO","C9KP","C9KQ","C9LA","C9LB","C9LC","C9LD","C9LF","C9LG","C9LH","C9LJ","C9LL","C9LM","C9LN","C9LP","C9LQ","C9LR","C9LT","CZG8","CZG9","DB36","DB37","G6NQ","G6NT","G6NW","G7AR","G7AU","G7D6","G7ER","G7EU","G7EX","G7F2","G7F5","G7FG","G7FJ","G7FM","G7FP","G7FS","G7FV","G7FY","G7G3","G7G6","G7G9","G7GC","G7GF","G7GI","G7GL","G7GO","G7GR","G7K2","G7K5","G9BZ","G9C2","MFX9","MFY2","MFY3","MFY4","MFY5","MFY7","MFY9","MFZ2"
"PreUnit","","","","","","","","","","","","","","","","","","","","","","","","","","","","","","","","","","","","","","","","","","","","","","","","","","","","","","","","","","","","","","","","","","","","","",""
"Unit","","","","","","","","","","","","","","","","","","","","","","","","","","","","","","%","%","000's","000's","","","000's","","","","","","","","","","000's","000's","","","000's","","","","","","","","","","","%","%","","%","","%","%","","%",""
"Release Date","13-06-2023","13-06-2023","13-06-2023","13-06-2023","13-06-2023","13-06-2023","13-06-2023","13-06-2023","13-06-2023","13-06-2023","13-06-2023","13-06-2023","13-06-2023","13-06-2023","13-06-2023","13-06-2023","13-06-2023","13-06-2023","13-06-2023","13-06-2023","13-06-2023","13-06-2023","13-06-2023","13-06-2023","13-06-2023","13-06-2023","13-06-2023","13-06-2023","13-06-2023","13-06-2023","13-06-2023","13-06-2023","13-06-2023","13-06-2023","13-06-2023","13-06-2023","13-06-2023","13-06-2023","13-06-2023","13-06-2023","13-06-2023","13-06-2023","13-06-2023","13-06-2023","13-06-2023","13-06-2023","13-06-2023","13-06-2023","13-06-2023","13-06-2023","13-06-2023","13-06-2023","13-06-2023","13-06-2023","13-06-2023","13-06-2023","13-06-2023","13-06-2023","13-06-2023","13-06-2023","13-06-2023","13-06-2023","13-06-2023","13-06-2023","13-06-2023","13-06-2023","13-06-2023","13-06-2023","13-06-2023","13-06-2023"
"Next release","12 September 2023","12 September 2023","12 September 2023","12 September 2023","12 September 2023","12 September 2023","12 September 2023","12 September 2023","12 September 2023","12 September 2023","12 September 2023","12 September 2023","12 September 2023","12 September 2023","12 September 2023","12 September 2023","12 September 2023","12 September 2023","12 September 2023","12 September 2023","12 September 2023","12 September 2023","12 September 2023","12 September 2023","12 September 2023","12 September 2023","12 September 2023","12 September 2023","12 September 2023","12 September 2023","12 September 2023","12 September 2023","12 September 2023","12 September 2023","12 September 2023","12 September 2023","12 September 2023","12 September 2023","12 September 2023","12 September 2023","12 September 2023","12 September 2023","12 September 2023","12 September 2023","12 September 2023","12 September 2023","12 September 2023","12 September 2023","12 September 2023","12 September 2023","12 September 2023","12 September 2023","12 September 2023","12 September 2023","12 September 2023","12 September 2023","12 September 2023","12 September 2023","12 September 2023","12 September 2023","12 September 2023","12 September 2023","12 September 2023","12 September 2023","12 September 2023","12 September 2023","12 September 2023","12 September 2023","12 September 2023","12 September 2023"
"Important Notes","","","","","","","","","","","","","","","","","","","","","","","","","","","","","","","","","","","","","","","","","","","","","","","","","","","","","","","","","","","","","","","","","","","","","",""
"1991","2333","3070","5403","582","5985","593","","","","","","","182","311","224","1292","1325","1220","432","999","","","","","","","","","","","","","","","","","593","","","","","","","","","","","","","","","","","","","","","","","","","","","","","","","","",""
"1992","2348","3018","5366","544","5910","609","","","","","","","166","304","226","1300","1302","1225","428","958","","","","","","","","19653","25563","23.1","76.9","","","","","","609","","","","","","","","","","","","","","","","","","","","","","","","","","","","","","","","",""
"1993","2529","2787","5316","515","5830","601","","","","","","","153","285","228","1263","1371","1204","414","913","","","","","","","","19484","25314","23.0","77.0","","","","","","601","","","","","","","","","","","","","","","","","","","","","","","","","","","","","","","","",""
"1994","2470","2752","5222","446","5668","578","","","","","","","146","262","228","1229","1347","1189","423","843","","","","","","","","19869","25537","22.2","77.8","","","","","","578","","","","","","","","","","","","","","","","","","","","","","","","","","","","","","","","",""
"1995","2417","2757","5174","433","5607","555","","","","","","","140","241","227","1198","1369","1193","426","812","","","","","","","","20205","25812","21.7","78.3","","","","","","555","","","","","","","","","","","","","","","","","","","","","","","","","","","","","","","","",""
"1996","2379","2732","5111","395","5506","538","","","","","","","129","230","230","1186","1365","1197","420","750","","","","","","","","20519","26025","21.2","78.8","","","","","","538","","","","","","","","","","","","","","","","","","","","","","","","","","","","","","","","",""
"1997","2338","2726","5064","348","5412","516","","","","","","","122","220","230","1162","1369","1190","420","698","","","","","","","","21098","26510","20.4","79.6","","","","","","516","","","","","","","","","","","","","","","","","","","","","","","","","","","","","","","","",""
"1998","2342","2708","5050","350","5400","505","","","","","","","116","219","229","1148","1375","1202","411","700","","","","","","","","21386","26786","20.2","79.8","","","","","","505","","","","","","","","","","","","","","","","","","","","","","","","","","","","","","","","",""
"1999","2315","2747","5062","350","5412","499","1975","2004","3978","330","4309","477","110","218","227","1172","1389","1176","393","728","218","220","988","947","968","278","608","21716","27128","19.9","80.1","2316","2742","5058","352","5410","499","107","218","227","1172","1388","1179","390","732","1976","2002","3978","332","4310","477","218","220","988","948","970","27115","277","612","21705","20.0","80.0","4970","18.3","22158","81.7","81.7","4968","18.3","22147"
"2000","2352","2782","5135","358","5493","512","2004","2018","4022","338","4360","488","107","217","225","1178","1442","1201","389","733","217","218","994","981","987","274","611","22044","27537","19.9","80.1","2353","2777","5130","360","5490","512","104","217","225","1178","1442","1204","386","736","2005","2016","4021","340","4361","488","217","218","994","982","990","27528","273","614","22038","19.9","80.1","5050","18.3","22487","81.7","81.7","5048","18.3","22480"
"2001","2429","2783","5212","370","5582","518","2066","2012","4078","349","4427","493","98","214","229","1185","1468","1246","376","768","214","222","998","996","1022","265","639","22122","27704","20.1","79.9","2430","2778","5208","372","5580","518","95","214","229","1185","1468","1249","373","770","2067","2011","4078","351","4429","493","214","222","998","997","1025","27699","264","642","22119","20.1","79.9","5138","18.5","22566","81.5","81.5","5136","18.5","22563"
"2002","2518","2801","5319","376","5695","533","2141","2031","4172","355","4527","506","84","214","238","1212","1473","1306","372","795","214","230","1020","1005","1072","264","659","22213","27908","20.4","79.6","2519","2797","5316","378","5694","533","81","214","238","1212","1474","1308","369","796","2143","2030","4173","357","4530","506","214","230","1020","1007","1075","27908","263","661","22214","20.4","79.6","5226","18.7","22682","81.3","81.3","5225","18.7","22683"
"2003","2627","2844","5471","386","5857","556","2229","2068","4297","363","4659","525","79","223","248","1257","1530","1372","352","797","223","240","1056","1047","1122","250","663","22374","28231","20.7","79.3","2628","2840","5468","389","5857","556","77","223","248","1257","1531","1374","349","798","2231","2067","4298","366","4664","525","223","240","1056","1049","1126","28236","249","665","22379","20.7","79.3","5421","19.2","22810","80.8","80.8","5420","19.2","22816"
"2004","2712","2902","5614","380","5994","565","2311","2114","4425","356","4781","534","80","218","264","1270","1567","1428","366","802","218","254","1069","1073","1175","261","670","22463","28457","21.1","78.9","2713","2898","5611","384","5995","565","78","218","264","1270","1569","1429","364","802","2313","2114","4427","360","4787","534","218","254","1069","1076","1179","28464","260","671","22469","21.1","78.9","5545","19.5","22912","80.5","80.5","5545","19.5","22919"
"2005","2770","2933","5703","384","6087","566","2357","2146","4503","361","4864","532","74","210","272","1287","1580","1478","373","814","210","262","1081","1086","1218","268","684","22759","28846","21.1","78.9","2772","2929","5701","388","6089","566","72","210","272","1287","1582","1479","371","815","2360","2146","4506","365","4871","532","210","262","1081","1090","1221","28855","267","686","22766","21.1","78.9","5643","19.6","23203","80.4","80.4","5644","19.6","23211"
"2006","2749","2945","5693","364","6057","553","2341","2176","4518","339","4857","519","68","204","274","1283","1606","1475","365","782","204","264","1077","1117","1221","266","655","23073","29130","20.8","79.2","2752","2942","5694","369","6063","553","67","204","274","1283","1608","1477","364","783","2346","2177","4523","344","4867","519","204","264","1077","1121","1224","29140","265","657","23077","20.8","79.2","5620","19.3","23510","80.7","80.7","5622","19.3","23518"
"2007","2709","2954","5663","359","6022","534","2330","2188","4518","334","4851","500","62","197","283","1269","1619","1440","363","788","197","272","1062","1128","1216","264","662","23320","29342","20.5","79.5","2714","2951","5665","364","6029","534","61","197","283","1269","1622","1443","362","790","2336","2189","4525","339","4864","500","197","272","1062","1132","1220","29352","264","664","23323","20.5","79.5","5577","19.0","23765","81.0","81.0","5579","19.0","23773"
"2008","2713","2933","5646","365","6011","517","2341","2173","4514","339","4853","484","55","193","286","1226","1633","1459","360","799","193","275","1025","1139","1241","262","677","23675","29686","20.2","79.8","2719","2930","5649","370","6019","517","55","193","286","1226","1636","1463","360","801","2349","2175","4524","343","4867","484","193","275","1025","1143","1245","29696","262","678","23677","20.3","79.7","5554","18.7","24132","81.3","81.3","5557","18.7","24139"
"2009","2811","2921","5732","698","6430","521","2433","2177","4609","641","5250","487","54","197","294","1209","1652","1523","394","1107","197","283","1015","1160","1299","297","958","22579","29009","22.2","77.8","2818","2918","5736","702","6438","521","54","197","294","1208","1655","1528","394","1109","2442","2179","4621","644","5265","487","197","283","1015","1164","1304","29018","297","960","22580","22.2","77.8","5616","19.4","23393","80.6","80.6","5620","19.4","23398"
"2010","2829","2920","5748","677","6425","517","2454","2182","4636","622","5258","481","49","197","292","1201","1683","1553","398","1053","197","281","1010","1190","1329","300","914","22891","29316","21.9","78.1","2836","2917","5753","680","6433","517","49","197","292","1199","1686","1558","399","1056","2463","2184","4647","625","5272","481","197","281","1010","1194","1335","29325","301","917","22892","21.9","78.1","5627","19.2","23689","80.8","80.8","5631","19.2","23694"
"2011","2801","2773","5574","655","6229","483","2424","2074","4498","602","5101","447","45","193","277","1121","1658","1525","384","1025","193","266","940","1179","1307","291","891","23107","29336","21.2","78.8","2807","2770","5577","658","6235","483","45","193","277","1119","1661","1530","385","1028","2432","2076","4508","605","5113","447","193","266","940","1183","1313","29345","292","895","23110","21.2","78.8","5448","18.6","23888","81.4","81.4","5452","18.6","23893"
"2012","2672","2575","5247","634","5881","453","2340","1933","4273","584","4857","418","46","186","266","1079","1468","1498","361","978","186","255","903","1064","1287","275","852","23853","29734","19.8","80.2","2677","2573","5250","637","5887","453","46","186","266","1077","1470","1503","362","981","2347","1934","4281","587","4868","418","186","255","903","1067","1293","29744","276","856","23857","19.8","80.2","5312","17.9","24422","82.1","82.1","5316","17.9","24428"
"2013","2776","2439","5216","619","5835","445","2426","1837","4263","571","4834","410","44","175","261","1074","1500","1499","342","941","175","250","900","1097","1291","262","824","24148","29983","19.5","80.5","2781","2437","5218","622","5840","445","44","175","261","1072","1502","1505","343","943","2432","1838","4270","575","4845","410","175","250","900","1099","1298","29994","263","828","24154","19.5","80.5","5279","17.6","24704","82.4","82.4","5284","17.6","24710"
"2014","2838","2370","5208","346","5555","437","2476","1786","4262","322","4584","403","43","164","256","1061","1517","1523","322","668","164","246","888","1112","1317","247","577","25133","30688","18.1","81.9","2843","2368","5211","346","5557","437","43","164","256","1060","1518","1528","323","666","2482","1787","4269","322","4591","403","164","246","888","1114","1324","30702","248","576","25145","18.1","81.9","5267","17.2","25421","82.8","82.8","5271","17.2","25431"
"2015","2873","2287","5160","337","5497","425","2506","1726","4232","313","4545","392","40","159","254","1020","1519","1546","305","654","159","243","853","1117","1340","234","567","25676","31173","17.6","82.4","2878","2285","5163","337","5500","425","40","159","254","1019","1520","1551","305","652","2512","1727","4239","313","4552","392","159","243","853","1118","1346","31188","235","565","25688","17.6","82.4","5225","16.8","25948","83.2","83.2","5229","16.8","25959"
"2016","2931","2217","5148","335","5483","416","2551","1676","4227","311","4538","384","39","158","247","1003","1515","1584","293","644","158","237","842","1110","1378","225","558","26280","31763","17.3","82.7","2936","2215","5151","335","5486","416","39","158","247","1003","1515","1589","293","643","2557","1677","4234","311","4545","384","158","237","842","1111","1384","31779","225","557","26293","17.3","82.7","5215","16.4","26548","83.6","83.6","5218","16.4","26561"
"2017","3025","2127","5152","325","5477","423","2627","1611","4238","302","4540","392","39","156","245","1012","1506","1618","274","627","156","235","852","1104","1408","211","543","26641","32118","17.1","82.9","3029","2125","5154","325","5479","423","39","156","245","1012","1506","1623","274","626","2633","1612","4245","302","4547","392","156","235","852","1105","1415","32133","211","542","26654","17.1","82.9","5216","16.2","26902","83.8","83.8","5219","16.2","26914"
"2018","3114","2060","5175","172","5347","431","2699","1568","4267","160","4427","400","35","153","247","1029","1501","1644","223","515","153","236","868","1102","1433","166","441","27048","32395","16.5","83.5","3118","2059","5177","172","5349","431","35","153","247","1028","1501","1649","223","515","2706","1569","4275","160","4435","400","153","236","868","1103","1440","32408","166","440","27059","16.5","83.5","5241","16.2","27154","83.8","83.8","5244","16.2","27164"
"2019","3214","2022","5236","155","5391","448","2785","1549","4334","146","4480","416","36","152","249","1054","1496","1689","216","498","152","238","896","1102","1475","161","428","27374","32765","16.5","83.5","3217","2021","5238","154","5392","448","36","152","249","1053","1496","1694","216","498","2792","1550","4342","145","4487","416","152","238","896","1103","1482","32777","161","428","27385","16.5","83.5","5302","16.2","27463","83.8","83.8","5306","16.2","27471"
"2020","3341","2001","5342","208","5550","459","2905","1544","4448","197","4645","426","36","156","261","1073","1481","1777","209","557","156","250","914","1096","1561","155","486","26982","32532","17.1","82.9","3343","2001","5344","207","5551","459","36","156","261","1072","1481","1782","209","557","2913","1545","4458","196","4654","426","156","250","914","1097","1569","32549","155","486","26998","17.1","82.9","5407","16.6","27125","83.4","83.4","5412","16.6","27137"
"2021","3473","2001","5475","200","5675","498","3028","1555","4584","191","4775","465","34","159","269","1121","1491","1841","209","549","159","258","964","1110","1618","158","481","26718","32393","17.5","82.5","3475","2001","5476","199","5675","498","34","159","269","1120","1491","1846","209","550","3037","1556","4593","190","4783","465","159","258","964","1111","1626","32409","158","481","26734","17.5","82.5","5533","17.1","26860","82.9","82.9","5539","17.1","26870"
"2022","3550","1995","5545","194","5740","512","3108","1557","4666","185","4851","479","34","156","272","1144","1499","1878","213","542","156","262","987","1122","1660","162","476","26998","32738","17.5","82.5","3552","1995","5547","194","5741","512","34","156","272","1143","1499","1883","213","543","3117","1558","4675","184","4859","479","156","262","987","1123","1670","32746","162","477","27005","17.5","82.5","5601","17.1","27137","82.9","82.9","5608","17.1","27138"
"1991 Q2","2333","3070","5403","582","5985","593","","","","","","","182","311","224","1292","1325","1220","432","999","","","","","","","","","","","","","","","","","","","","","","","","","","","","","","","","","","","","","","","","","","","","","","","","","",""
"1991 Q3","0","0","0","0","0","0","","","","","","","0","0","0","0","0","0","0","0","","","","","","","","","","","","","","","","","","","","","","","","","","","","","","","","","","","","","","","","","","","","","","","","","",""
"1991 Q4","0","0","0","0","0","0","","","","","","","0","0","0","0","0","0","0","0","","","","","","","","","","","","","","","","","","","","","","","","","","","","","","","","","","","","","","","","","","","","","","","","","",""
"1992 Q1","0","0","0","0","0","0","","","","","","","0","0","0","0","0","0","0","0","","","","","","","","","","","","","","","","","","","","","","","","","","","","","","","","","","","","","","","","","","","","","","","","","",""
"1992 Q2","2348","3018","5366","544","5910","609","","","","","","","166","304","226","1300","1302","1225","428","958","","","","","","","","19653","25563","23.1","76.9","","","","","","","","","","","","","","","","","","","","","","","","","","","","","","","","","","","","","","",""
"1992 Q3","0","0","0","0","0","0","","","","","","","0","0","0","0","0","0","0","0","","","","","","","","0","0","","","","","","","","","","","","","","","","","","","","","","","","","","","","","","","","","","","","","","","","",""
"1992 Q4","0","0","0","0","0","0","","","","","","","0","0","0","0","0","0","0","0","","","","","","","","0","0","","","","","","","","","","","","","","","","","","","","","","","","","","","","","","","","","","","","","","","","",""
"1993 Q1","0","0","0","0","0","0","","","","","","","0","0","0","0","0","0","0","0","","","","","","","","0","0","","","","","","","","","","","","","","","","","","","","","","","","","","","","","","","","","","","","","","","","",""
"1993 Q2","2529","2787","5316","515","5830","601","","","","","","","153","285","228","1263","1371","1204","414","913","","","","","","","","19484","25314","23.0","77.0","","","","","","","","","","","","","","","","","","","","","","","","","","","","","","","","","","","","","","",""
"1993 Q3","0","0","0","0","0","0","","","","","","","0","0","0","0","0","0","0","0","","","","","","","","0","0","","","","","","","","","","","","","","","","","","","","","","","","","","","","","","","","","","","","","","","","",""
"1993 Q4","0","0","0","0","0","0","","","","","","","0","0","0","0","0","0","0","0","","","","","","","","0","0","","","","","","","","","","","","","","","","","","","","","","","","","","","","","","","","","","","","","","","","",""
"1994 Q1","0","0","0","0","0","0","","","","","","","0","0","0","0","0","0","0","0","","","","","","","","0","0","","","","","","","","","","","","","","","","","","","","","","","","","","","","","","","","","","","","","","","","",""
"1994 Q2","2470","2752","5222","446","5668","578","","","","","","","146","262","228","1229","1347","1189","423","843","","","","","","","","19869","25537","22.2","77.8","","","","","","","","","","","","","","","","","","","","","","","","","","","","","","","","","","","","","","",""
"1994 Q3","0","0","0","0","0","0","","","","","","","0","0","0","0","0","0","0","0","","","","","","","","0","0","","","","","","","","","","","","","","","","","","","","","","","","","","","","","","","","","","","","","","","","",""
"1994 Q4","0","0","0","0","0","0","","","","","","","0","0","0","0","0","0","0","0","","","","","","","","0","0","","","","","","","","","","","","","","","","","","","","","","","","","","","","","","","","","","","","","","","","",""
"1995 Q1","0","0","0","0","0","0","","","","","","","0","0","0","0","0","0","0","0","","","","","","","","0","0","","","","","","","","","","","","","","","","","","","","","","","","","","","","","","","","","","","","","","","","",""
"1995 Q2","2417","2757","5174","433","5607","555","","","","","","","140","241","227","1198","1369","1193","426","812","","","","","","","","20205","25812","21.7","78.3","","","","","","","","","","","","","","","","","","","","","","","","","","","","","","","","","","","","","","",""
"1995 Q3","0","0","0","0","0","0","","","","","","","0","0","0","0","0","0","0","0","","","","","","","","0","0","","","","","","","","","","","","","","","","","","","","","","","","","","","","","","","","","","","","","","","","",""
"1995 Q4","0","0","0","0","0","0","","","","","","","0","0","0","0","0","0","0","0","","","","","","","","0","0","","","","","","","","","","","","","","","","","","","","","","","","","","","","","","","","","","","","","","","","",""
"1996 Q1","0","0","0","0","0","0","","","","","","","0","0","0","0","0","0","0","0","","","","","","","","0","0","","","","","","","","","","","","","","","","","","","","","","","","","","","","","","","","","","","","","","","","",""
"1996 Q2","2379","2732","5111","395","5506","538","","","","","","","129","230","230","1186","1365","1197","420","750","","","","","","","","20519","26025","21.2","78.8","","","","","","","","","","","","","","","","","","","","","","","","","","","","","","","","","","","","","","",""
"1996 Q3","0","0","0","0","0","0","","","","","","","0","0","0","0","0","0","0","0","","","","","","","","0","0","","","","","","","","","","","","","","","","","","","","","","","","","","","","","","","","","","","","","","","","",""
"1996 Q4","0","0","0","0","0","0","","","","","","","0","0","0","0","0","0","0","0","","","","","","","","0","0","","","","","","","","","","","","","","","","","","","","","","","","","","","","","","","","","","","","","","","","",""
"1997 Q1","0","0","0","0","0","0","","","","","","","0","0","0","0","0","0","0","0","","","","","","","","0","0","","","","","","","","","","","","","","","","","","","","","","","","","","","","","","","","","","","","","","","","",""
"1997 Q2","2338","2726","5064","348","5412","516","","","","","","","122","220","230","1162","1369","1190","420","698","","","","","","","","21098","26510","20.4","79.6","","","","","","","","","","","","","","","","","","","","","","","","","","","","","","","","","","","","","","",""
"1997 Q3","0","0","0","0","0","0","","","","","","","0","0","0","0","0","0","0","0","","","","","","","","0","0","","","","","","","","","","","","","","","","","","","","","","","","","","","","","","","","","","","","","","","","",""
"1997 Q4","0","0","0","0","0","0","","","","","","","0","0","0","0","0","0","0","0","","","","","","","","0","0","","","","","","","","","","","","","","","","","","","","","","","","","","","","","","","","","","","","","","","","",""
"1998 Q1","0","0","0","0","0","0","","","","","","","0","0","0","0","0","0","0","0","","","","","","","","0","0","","","","","","","","","","","","","","","","","","","","","","","","","","","","","","","","","","","","","","","","",""
"1998 Q2","2342","2708","5050","350","5400","505","","","","","","","116","219","229","1148","1375","1202","411","700","","","","","","","","21386","26786","20.2","79.8","","","","","","","","","","","","","","","","","","","","","","","","","","","","","","","","","","","","","","",""
"1998 Q3","0","0","0","0","0","0","","","","","","","0","0","0","0","0","0","0","0","","","","","","","","0","0","","","","","","","","","","","","","","","","","","","","","","","","","","","","","","","","","","","","","","","","",""
"1998 Q4","0","0","0","0","0","0","","","","","","","0","0","0","0","0","0","0","0","","","","","","","","0","0","","","","","","","","","","","","","","","","","","","","","","","","","","","","","","","","","","","","","","","","",""
"1999 Q1","2309","2748","5057","349","5406","497","1973","2004","3977","329","4307","475","110","218","228","1166","1388","1170","396","730","218","221","984","946","967","280","609","21536","26942","20.1","79.9","2310","2736","5046","353","5399","497","108","217","228","1163","1382","1173","391","733","1972","1999","3971","332","4303","475","217","221","984","945","967","27042","277","613","21643","20.0","80.0","4964","18.4","21978","81.6","81.7","4955","18.3","22087"
"1999 Q2","2315","2747","5062","350","5412","499","1975","2004","3978","330","4309","477","110","218","227","1172","1389","1176","393","728","218","220","988","947","968","278","608","21716","27128","19.9","80.1","2316","2742","5058","352","5410","499","107","218","227","1172","1388","1179","390","732","1976","2002","3978","332","4310","477","218","220","988","948","970","27115","277","612","21705","20.0","80.0","4970","18.3","22158","81.7","81.7","4968","18.3","22147"
"1999 Q3","2335","2719","5055","350","5404","502","1989","1992","3981","330","4311","480","109","217","226","1171","1373","1195","388","725","217","219","989","941","981","276","606","21902","27306","19.8","80.2","2329","2746","5075","358","5433","502","112","218","226","1177","1386","1185","396","734","1985","2004","3989","337","4326","480","218","219","989","944","975","27212","280","612","21779","20.0","80.0","4962","18.2","22344","81.8","81.7","4990","18.3","22222"
"1999 Q4","2334","2771","5105","374","5479","505","1990","2014","4004","353","4357","482","109","218","226","1183","1402","1186","401","755","218","219","996","953","976","283","632","21821","27300","20.1","79.9","2338","2760","5098","361","5459","505","111","217","226","1181","1395","1190","400","740","1994","2009","4003","341","4344","482","217","219","996","950","979","27307","283","618","21848","20.0","80.0","5037","18.5","22263","81.5","81.6","5020","18.4","22287"
"2000 Q1","2342","2786","5128","352","5480","509","1999","2020","4019","332","4351","485","109","218","225","1187","1413","1194","402","732","218","218","1000","959","984","284","609","21832","27312","20.1","79.9","2343","2774","5117","355","5472","509","107","217","225","1184","1407","1197","398","735","1998","2015","4013","335","4348","485","217","218","1000","958","984","27406","281","613","21934","20.0","80.0","5038","18.4","22274","81.6","81.7","5029","18.3","22377"
"2000 Q2","2352","2782","5135","358","5493","512","2004","2018","4022","338","4360","488","107","217","225","1178","1442","1201","389","733","217","218","994","981","987","274","611","22044","27537","19.9","80.1","2353","2777","5130","360","5490","512","104","217","225","1178","1442","1204","386","736","2005","2016","4021","340","4361","488","217","218","994","982","990","27528","273","614","22038","19.9","80.1","5050","18.3","22487","81.7","81.7","5048","18.3","22480"
"2000 Q3","2374","2754","5127","357","5485","515","2020","2007","4028","337","4365","491","97","215","226","1171","1440","1223","371","743","215","219","990","986","1002","263","619","22130","27615","19.9","80.1","2368","2781","5149","365","5514","515","100","216","226","1177","1454","1213","379","752","2016","2019","4035","345","4380","491","216","219","990","989","996","27528","267","626","22014","20.0","80.0","5042","18.3","22573","81.7","81.6","5071","18.4","22457"
"2000 Q4","2376","2790","5166","380","5545","517","2023","2022","4046","358","4404","493","97","216","227","1179","1464","1219","377","767","216","219","994","997","1001","266","640","22084","27629","20.1","79.9","2380","2779","5159","367","5526","517","99","215","227","1177","1457","1223","376","752","2027","2017","4044","346","4390","493","215","219","994","994","1004","27637","266","627","22111","20.0","80.0","5101","18.5","22528","81.5","81.6","5084","18.4","22553"
"2001 Q1","2408","2785","5193","369","5561","519","2051","2012","4064","348","4411","494","98","216","228","1184","1470","1232","377","757","216","221","997","998","1014","266","629","22012","27573","20.2","79.8","2409","2773","5182","372","5554","519","97","215","228","1181","1464","1235","373","759","2050","2007","4057","350","4407","494","215","221","997","997","1014","27663","264","632","22109","20.1","79.9","5117","18.6","22456","81.4","81.5","5107","18.5","22556"
"2001 Q2","2429","2783","5212","370","5582","518","2066","2012","4078","349","4427","493","98","214","229","1185","1468","1246","376","768","214","222","998","996","1022","265","639","22122","27704","20.1","79.9","2430","2778","5208","372","5580","518","95","214","229","1185","1468","1249","373","770","2067","2011","4078","351","4429","493","214","222","998","997","1025","27699","264","642","22119","20.1","79.9","5138","18.5","22566","81.5","81.5","5136","18.5","22563"
"2001 Q3","2456","2754","5210","367","5578","518","2087","2004","4091","346","4437","492","85","213","231","1183","1451","1273","371","770","213","224","998","994","1042","264","640","22240","27818","20.1","79.9","2450","2781","5231","375","5606","518","87","214","231","1188","1464","1263","378","780","2083","2015","4098","354","4452","492","214","224","998","997","1036","27735","268","647","22129","20.2","79.8","5125","18.4","22693","81.6","81.4","5153","18.6","22582"
"2001 Q4","2468","2793","5261","386","5647","522","2098","2022","4120","364","4484","496","83","215","234","1199","1474","1274","368","801","215","226","1008","1004","1045","261","665","22116","27763","20.3","79.7","2473","2783","5256","374","5630","522","84","214","234","1197","1467","1278","367","787","2102","2018","4120","353","4473","496","214","226","1008","1001","1048","27769","261","653","22139","20.3","79.7","5179","18.7","22584","81.3","81.4","5163","18.6","22606"
"2002 Q1","2495","2809","5304","374","5678","529","2123","2032","4155","354","4509","502","84","215","236","1207","1478","1289","374","795","215","228","1014","1006","1062","264","658","22090","27768","20.4","79.6","2496","2797","5293","376","5669","529","83","214","236","1204","1471","1292","371","796","2122","2026","4148","355","4503","502","214","228","1014","1004","1062","27856","262","660","22187","20.4","79.6","5210","18.8","22558","81.2","81.3","5200","18.7","22656"
"2002 Q2","2518","2801","5319","376","5695","533","2141","2031","4172","355","4527","506","84","214","238","1212","1473","1306","372","795","214","230","1020","1005","1072","264","659","22213","27908","20.4","79.6","2519","2797","5316","378","5694","533","81","214","238","1212","1474","1308","369","796","2143","2030","4173","357","4530","506","214","230","1020","1007","1075","27908","263","661","22214","20.4","79.6","5226","18.7","22682","81.3","81.3","5225","18.7","22683"
"2002 Q3","2553","2771","5324","374","5698","538","2168","2019","4187","354","4541","510","78","214","240","1211","1487","1334","350","783","214","232","1021","1020","1094","250","652","22406","28104","20.3","79.7","2547","2797","5344","382","5726","538","80","215","240","1215","1500","1325","357","794","2164","2030","4194","362","4556","510","215","232","1021","1023","1088","28023","254","659","22297","20.4","79.6","5230","18.6","22874","81.4","81.2","5257","18.8","22766"
"2002 Q4","2569","2820","5388","405","5793","546","2183","2047","4230","382","4612","516","76","216","242","1238","1517","1337","347","819","216","234","1040","1036","1098","247","684","22284","28077","20.6","79.4","2574","2810","5384","393","5777","546","77","215","242","1236","1510","1341","346","806","2187","2043","4230","371","4601","516","215","234","1040","1033","1101","28081","247","673","22304","20.6","79.4","5346","19.0","22731","81.0","81.0","5330","19.0","22751"
"2003 Q1","2603","2830","5433","402","5834","552","2211","2057","4268","378","4646","521","80","222","246","1248","1523","1357","348","810","222","237","1048","1041","1114","248","676","22223","28057","20.8","79.2","2604","2818","5422","404","5826","552","79","221","246","1246","1516","1359","345","811","2210","2051","4261","379","4640","521","221","237","1048","1039","1114","28142","246","678","22316","20.7","79.3","5386","19.2","22671","80.8","80.9","5375","19.1","22767"
"2003 Q2","2627","2844","5471","386","5857","556","2229","2068","4297","363","4659","525","79","223","248","1257","1530","1372","352","797","223","240","1056","1047","1122","250","663","22374","28231","20.7","79.3","2628","2840","5468","389","5857","556","77","223","248","1257","1531","1374","349","798","2231","2067","4298","366","4664","525","223","240","1056","1049","1126","28236","249","665","22379","20.7","79.3","5421","19.2","22810","80.8","80.8","5420","19.2","22816"
"2003 Q3","2655","2827","5482","388","5870","557","2257","2067","4324","364","4688","527","78","221","252","1257","1522","1399","348","794","221","243","1060","1046","1149","249","662","22495","28365","20.7","79.3","2649","2853","5502","395","5897","557","80","222","252","1261","1535","1391","354","804","2253","2078","4331","370","4701","527","222","243","1060","1049","1142","28285","252","669","22388","20.8","79.2","5432","19.2","22933","80.8","80.7","5458","19.3","22827"
"2003 Q4","2668","2888","5556","399","5955","560","2264","2099","4363","374","4737","529","79","222","256","1260","1564","1404","365","806","222","247","1060","1068","1149","260","673","22445","28400","21.0","79.0","2672","2878","5550","387","5937","560","80","221","256","1258","1557","1408","364","794","2267","2095","4362","363","4725","529","221","247","1060","1065","1152","28399","260","663","22462","20.9","79.1","5523","19.4","22877","80.6","80.6","5509","19.4","22890"
"2004 Q1","2694","2901","5596","383","5978","565","2297","2110","4407","359","4765","534","80","220","260","1268","1567","1424","367","792","220","251","1067","1074","1173","261","659","22389","28367","21.1","78.9","2695","2889","5584","385","5969","565","79","219","260","1267","1560","1426","365","794","2296","2103","4399","361","4760","534","219","251","1067","1071","1173","28449","260","661","22480","21.0","79.0","5546","19.6","22821","80.4","80.5","5535","19.5","22914"
"2004 Q2","2712","2902","5614","380","5994","565","2311","2114","4425","356","4781","534","80","218","264","1270","1567","1428","366","802","218","254","1069","1073","1175","261","670","22463","28457","21.1","78.9","2713","2898","5611","384","5995","565","78","218","264","1270","1569","1429","364","802","2313","2114","4427","360","4787","534","218","254","1069","1076","1179","28464","260","671","22469","21.1","78.9","5545","19.5","22912","80.5","80.5","5545","19.5","22919"
"2004 Q3","2735","2889","5624","377","6001","566","2332","2113","4445","354","4799","534","74","215","265","1277","1561","1451","362","796","215","256","1076","1073","1197","259","667","22624","28625","21.0","79.0","2730","2915","5645","382","6027","566","76","216","265","1279","1573","1443","368","805","2327","2124","4451","359","4810","534","216","256","1076","1076","1190","28544","262","674","22517","21.1","78.9","5563","19.4","23062","80.6","80.4","5586","19.6","22958"
"2004 Q4","2735","2930","5665","392","6057","561","2328","2131","4459","370","4828","529","74","215","267","1280","1583","1452","370","816","215","258","1074","1080","1195","264","687","22676","28733","21.1","78.9","2738","2921","5659","381","6040","561","75","214","267","1278","1576","1456","369","805","2330","2128","4458","359","4817","529","214","258","1074","1077","1198","28726","264","677","22686","21.0","79.0","5604","19.5","23129","80.5","80.5","5592","19.5","23134"
"2005 Q1","2746","2940","5687","381","6067","558","2340","2149","4489","359","4847","525","75","213","271","1280","1587","1464","372","806","213","261","1075","1088","1210","267","678","22613","28680","21.2","78.8","2747","2927","5674","384","6058","558","74","212","271","1280","1580","1466","370","808","2339","2142","4481","362","4843","525","212","261","1075","1085","1210","28759","266","680","22701","21.1","78.9","5625","19.6","23055","80.4","80.5","5615","19.5","23144"
"2005 Q2","2770","2933","5703","384","6087","566","2357","2146","4503","361","4864","532","74","210","272","1287","1580","1478","373","814","210","262","1081","1086","1218","268","684","22759","28846","21.1","78.9","2772","2929","5701","388","6089","566","72","210","272","1287","1582","1479","371","815","2360","2146","4506","365","4871","532","210","262","1081","1090","1221","28855","267","686","22766","21.1","78.9","5643","19.6","23203","80.4","80.4","5644","19.6","23211"
"2005 Q3","2775","2910","5685","384","6069","562","2364","2152","4517","360","4877","530","68","207","271","1282","1582","1493","361","805","207","263","1080","1100","1233","263","679","22924","28993","20.9","79.1","2770","2935","5705","388","6093","562","69","208","271","1284","1593","1486","366","814","2360","2162","4522","363","4885","530","208","263","1080","1102","1226","28913","266","687","22820","21.1","78.9","5626","19.4","23367","80.6","80.5","5646","19.5","23267"
"2005 Q4","2766","2947","5713","391","6104","558","2355","2165","4520","367","4886","525","68","206","274","1286","1606","1484","368","812","206","264","1079","1111","1225","267","683","22849","28953","21.1","78.9","2768","2938","5706","380","6086","558","68","206","274","1284","1599","1488","367","801","2356","2162","4518","356","4874","525","206","264","1079","1108","1228","28934","267","672","22848","21.0","79.0","5653","19.5","23300","80.5","80.5","5643","19.5","23291"
"2006 Q1","2759","2951","5710","371","6081","555","2349","2177","4526","347","4872","521","67","206","274","1284","1610","1481","366","793","206","263","1078","1118","1224","266","666","22927","29008","21.0","79.0","2760","2938","5698","374","6072","555","67","205","274","1285","1603","1483","364","794","2348","2169","4517","350","4867","521","205","263","1078","1115","1224","29085","265","668","23013","20.9","79.1","5641","19.4","23367","80.6","80.6","5631","19.4","23454"
"2006 Q2","2749","2945","5693","364","6057","553","2341","2176","4518","339","4857","519","68","204","274","1283","1606","1475","365","782","204","264","1077","1117","1221","266","655","23073","29130","20.8","79.2","2752","2942","5694","369","6063","553","67","204","274","1283","1608","1477","364","783","2346","2177","4523","344","4867","519","204","264","1077","1121","1224","29140","265","657","23077","20.8","79.2","5620","19.3","23510","80.7","80.7","5622","19.3","23518"
"2006 Q3","2735","2925","5660","364","6024","549","2342","2170","4512","339","4851","515","61","202","276","1282","1601","1468","363","771","202","266","1077","1119","1227","266","648","23247","29271","20.6","79.4","2730","2950","5680","367","6047","549","62","203","276","1283","1612","1460","367","781","2338","2180","4518","342","4860","515","203","266","1077","1121","1221","29189","268","658","23142","20.7","79.3","5588","19.1","23683","80.9","80.8","5605","19.2","23584"
"2006 Q4","2726","2952","5678","376","6054","544","2347","2190","4537","351","4889","510","62","202","279","1282","1618","1444","365","802","202","268","1075","1131","1218","267","679","23174","29228","20.7","79.3","2727","2944","5671","364","6035","544","62","202","279","1280","1612","1448","365","789","2347","2188","4535","339","4874","510","202","268","1075","1128","1221","29202","267","665","23167","20.7","79.3","5589","19.1","23639","80.9","80.9","5581","19.1","23621"
"2007 Q1","2722","2961","5683","361","6044","538","2346","2195","4540","335","4876","504","62","200","282","1275","1625","1446","365","788","200","272","1068","1135","1224","266","663","23112","29156","20.7","79.3","2722","2947","5669","365","6034","538","62","199","282","1276","1618","1447","363","789","2345","2186","4531","339","4870","504","199","272","1068","1131","1223","29232","264","665","23198","20.6","79.4","5596","19.2","23560","80.8","80.9","5586","19.1","23646"
"2007 Q2","2709","2954","5663","359","6022","534","2330","2188","4518","334","4851","500","62","197","283","1269","1619","1440","363","788","197","272","1062","1128","1216","264","662","23320","29342","20.5","79.5","2714","2951","5665","364","6029","534","61","197","283","1269","1622","1443","362","790","2336","2189","4525","339","4864","500","197","272","1062","1132","1220","29352","264","664","23323","20.5","79.5","5577","19.0","23765","81.0","81.0","5579","19.0","23773"
"2007 Q3","2717","2921","5638","359","5997","528","2339","2179","4518","333","4851","495","60","194","284","1267","1619","1453","356","764","194","273","1063","1139","1228","261","647","23555","29552","20.3","79.7","2712","2945","5657","362","6019","528","61","195","284","1269","1629","1445","359","775","2335","2189","4524","336","4860","495","195","273","1063","1141","1222","29470","263","658","23451","20.4","79.6","5551","18.8","24001","81.2","81.1","5565","18.9","23905"
"2007 Q4","2704","2944","5648","392","6040","525","2329","2180","4508","367","4876","491","59","195","284","1259","1641","1444","355","803","195","273","1051","1145","1221","259","686","23605","29645","20.4","79.6","2704","2937","5641","379","6020","525","59","196","284","1257","1635","1447","355","789","2328","2178","4506","354","4860","491","196","273","1051","1142","1224","29614","259","671","23594","20.3","79.7","5560","18.8","24085","81.2","81.2","5553","18.8","24061"
"2008 Q1","2704","2940","5643","365","6009","518","2329","2182","4511","339","4850","485","56","194","286","1233","1637","1448","361","792","194","274","1033","1144","1227","263","671","23618","29627","20.3","79.7","2704","2926","5630","370","6000","518","56","194","286","1234","1630","1449","359","793","2327","2172","4499","345","4844","485","194","274","1033","1140","1226","29706","261","674","23706","20.2","79.8","5554","18.7","24073","81.3","81.3","5544","18.7","24162"
"2008 Q2","2713","2933","5646","365","6011","517","2341","2173","4514","339","4853","484","55","193","286","1226","1633","1459","360","799","193","275","1025","1139","1241","262","677","23675","29686","20.2","79.8","2719","2930","5649","370","6019","517","55","193","286","1226","1636","1463","360","801","2349","2175","4524","343","4867","484","193","275","1025","1143","1245","29696","262","678","23677","20.3","79.7","5554","18.7","24132","81.3","81.3","5557","18.7","24139"
"2008 Q3","2754","2910","5664","484","6147","517","2377","2174","4551","448","5000","483","55","194","287","1206","1637","1493","392","883","194","276","1014","1155","1267","295","756","23470","29617","20.8","79.2","2748","2934","5682","487","6169","517","56","194","287","1208","1646","1486","394","894","2372","2184","4556","452","5008","483","194","276","1014","1157","1262","29535","296","767","23366","20.9","79.1","5574","18.8","24043","81.2","81.1","5588","18.9","23947"
"2008 Q4","2788","2932","5720","732","6452","518","2406","2182","4587","678","5265","484","55","193","289","1212","1656","1504","396","1147","193","278","1017","1163","1275","297","1000","23118","29570","21.8","78.2","2788","2926","5714","719","6433","518","55","194","289","1210","1651","1506","396","1132","2405","2180","4585","664","5249","484","194","278","1017","1161","1277","29539","297","984","23106","21.8","78.2","5615","19.0","23955","81.0","81.0","5609","19.0","23930"
"2009 Q1","2798","2941","5739","702","6442","519","2430","2194","4624","645","5269","485","54","196","293","1208","1669","1506","397","1119","196","281","1016","1174","1293","299","968","22747","29189","22.1","77.9","2797","2926","5723","708","6431","519","54","196","293","1209","1661","1506","395","1121","2427","2184","4611","651","5262","485","196","281","1016","1170","1290","29272","298","971","22841","22.0","78.0","5623","19.3","23566","80.7","80.8","5612","19.2","23660"
"2009 Q2","2811","2921","5732","698","6430","521","2433","2177","4609","641","5250","487","54","197","294","1209","1652","1523","394","1107","197","283","1015","1160","1299","297","958","22579","29009","22.2","77.8","2818","2918","5736","702","6438","521","54","197","294","1208","1655","1528","394","1109","2442","2179","4621","644","5265","487","197","283","1015","1164","1304","29018","297","960","22580","22.2","77.8","5616","19.4","23393","80.6","80.6","5620","19.4","23398"
"2009 Q3","2860","2893","5754","687","6441","528","2480","2168","4648","631","5279","493","51","199","296","1218","1647","1548","404","1079","199","284","1027","1166","1324","305","935","22722","29163","22.1","77.9","2854","2916","5770","691","6461","528","51","199","296","1220","1656","1543","406","1089","2475","2178","4653","636","5289","493","199","284","1027","1168","1320","29084","306","945","22623","22.2","77.8","5634","19.3","23529","80.7","80.6","5648","19.4","23436"
"2009 Q4","2863","2918","5782","698","6480","527","2482","2183","4665","644","5308","493","51","198","295","1214","1679","1553","405","1084","198","283","1024","1186","1329","305","943","22607","29087","22.3","77.7","2864","2912","5776","685","6461","527","51","199","295","1213","1674","1554","405","1070","2482","2181","4663","630","5293","493","199","283","1024","1184","1331","29057","305","928","22596","22.2","77.8","5664","19.5","23423","80.5","80.5","5659","19.5","23398"
"2010 Q1","2867","2917","5783","676","6460","522","2489","2176","4665","621","5287","487","51","199","295","1213","1678","1560","401","1063","199","283","1019","1183","1341","301","920","22502","28962","22.3","77.7","2866","2902","5768","681","6449","522","51","199","295","1214","1670","1559","399","1065","2485","2166","4651","627","5278","487","199","283","1019","1179","1337","29048","300","922","22599","22.2","77.8","5664","19.6","23298","80.4","80.5","5651","19.5","23397"
"2010 Q2","2829","2920","5748","677","6425","517","2454","2182","4636","622","5258","481","49","197","292","1201","1683","1553","398","1053","197","281","1010","1190","1329","300","914","22891","29316","21.9","78.1","2836","2917","5753","680","6433","517","49","197","292","1199","1686","1558","399","1056","2463","2184","4647","625","5272","481","197","281","1010","1194","1335","29325","301","917","22892","21.9","78.1","5627","19.2","23689","80.8","80.8","5631","19.2","23694"
"2010 Q3","2813","2874","5687","673","6360","508","2439","2158","4596","618","5214","473","49","196","290","1179","1656","1553","395","1042","196","279","992","1175","1330","299","906","23030","29390","21.6","78.4","2806","2897","5703","677","6380","508","49","196","290","1181","1665","1550","397","1052","2433","2168","4601","623","5224","473","196","279","992","1177","1328","29308","300","915","22928","21.8","78.2","5566","18.9","23824","81.1","81.0","5579","19.0","23729"
"2010 Q4","2802","2875","5677","682","6359","500","2429","2144","4573","630","5203","465","47","195","286","1175","1664","1546","392","1054","195","275","984","1176","1323","296","919","23053","29412","21.6","78.4","2803","2870","5673","669","6342","500","47","196","286","1175","1659","1546","391","1040","2430","2142","4572","616","5188","465","196","275","984","1174","1324","29391","295","904","23049","21.6","78.4","5553","18.9","23859","81.1","81.1","5548","18.9","23843"
"2011 Q1","2818","2847","5665","664","6328","508","2440","2129","4568","615","5183","465","46","194","282","1164","1666","1543","392","1041","194","271","971","1182","1325","296","909","23022","29350","21.6","78.4","2817","2832","5649","669","6318","508","46","194","282","1164","1659","1540","390","1043","2436","2119","4555","621","5176","465","194","271","971","1179","1320","29436","295","911","23118","21.5","78.5","5538","18.9","23812","81.1","81.2","5525","18.8","23911"
"2011 Q2","2801","2773","5574","655","6229","483","2424","2074","4498","602","5101","447","45","193","277","1121","1658","1525","384","1025","193","266","940","1179","1307","291","891","23107","29336","21.2","78.8","2807","2770","5577","658","6235","483","45","193","277","1119","1661","1530","385","1028","2432","2076","4508","605","5113","447","193","266","940","1183","1313","29345","292","895","23110","21.2","78.8","5448","18.6","23888","81.4","81.4","5452","18.6","23893"
"2011 Q3","2849","2684","5533","646","6180","474","2464","2019","4483","596","5079","439","44","191","273","1107","1660","1524","376","1004","191","262","929","1193","1307","286","876","23201","29381","21.0","79.0","2842","2706","5548","651","6199","474","44","191","273","1109","1669","1522","378","1013","2459","2029","4488","601","5089","439","191","262","929","1195","1306","29300","287","885","23101","21.2","78.8","5408","18.4","23973","81.6","81.5","5421","18.5","23879"
"2011 Q4","2841","2680","5522","658","6180","465","2455","2006","4461","610","5071","430","45","189","270","1093","1670","1516","381","1016","189","259","914","1196","1301","288","889","23184","29364","21.0","79.0","2843","2675","5518","645","6163","465","45","190","270","1093","1666","1515","380","1001","2456","2004","4460","596","5056","430","189","259","914","1194","1301","29346","287","874","23183","21.0","79.0","5393","18.4","23971","81.6","81.6","5389","18.4","23957"
"2012 Q1","2850","2647","5497","639","6135","459","2463","1986","4450","588","5038","424","44","187","268","1081","1689","1511","369","986","187","257","905","1213","1301","281","861","23278","29413","20.9","79.1","2849","2633","5482","643","6125","459","44","187","268","1081","1682","1508","368","988","2459","1977","4436","593","5029","424","187","257","905","1210","1295","29492","280","863","23367","20.8","79.2","5366","18.2","24047","81.8","81.9","5352","18.1","24140"
"2012 Q2","2672","2575","5247","634","5881","453","2340","1933","4273","584","4857","418","46","186","266","1079","1468","1498","361","978","186","255","903","1064","1287","275","852","23853","29734","19.8","80.2","2677","2573","5250","637","5887","453","46","186","266","1077","1470","1503","362","981","2347","1934","4281","587","4868","418","186","255","903","1067","1293","29744","276","856","23857","19.8","80.2","5312","17.9","24422","82.1","82.1","5316","17.9","24428"
"2012 Q3","2702","2515","5217","629","5846","450","2362","1902","4264","580","4844","415","46","183","264","1068","1461","1503","354","966","183","253","896","1068","1293","271","843","23981","29827","19.6","80.4","2696","2535","5231","634","5865","450","46","183","264","1070","1469","1502","356","975","2357","1911","4268","586","4854","415","183","253","896","1070","1293","29744","272","852","23879","19.7","80.3","5287","17.7","24540","82.3","82.2","5300","17.8","24444"
"2012 Q4","2715","2507","5222","647","5870","446","2373","1895","4267","601","4868","411","46","178","263","1068","1474","1505","352","982","178","252","895","1077","1297","270","863","24029","29899","19.6","80.4","2717","2503","5220","634","5854","446","46","179","263","1069","1470","1505","350","967","2374","1893","4267","587","4854","411","178","252","895","1075","1297","29891","269","847","24037","19.6","80.4","5288","17.7","24611","82.3","82.3","5284","17.7","24607"
"2013 Q1","2734","2496","5229","623","5852","443","2390","1882","4272","575","4846","409","45","178","261","1073","1484","1512","348","953","178","251","897","1081","1305","266","834","23957","29809","19.6","80.4","2733","2483","5216","627","5843","443","45","178","261","1072","1478","1508","347","956","2387","1874","4261","580","4841","409","178","251","897","1079","1299","29884","266","837","24041","19.6","80.4","5293","17.8","24516","82.2","82.3","5279","17.7","24605"
"2013 Q2","2776","2439","5216","619","5835","445","2426","1837","4263","571","4834","410","44","175","261","1074","1500","1499","342","941","175","250","900","1097","1291","262","824","24148","29983","19.5","80.5","2781","2437","5218","622","5840","445","44","175","261","1072","1502","1505","343","943","2432","1838","4270","575","4845","410","175","250","900","1099","1298","29994","263","828","24154","19.5","80.5","5279","17.6","24704","82.4","82.4","5284","17.6","24710"
"2013 Q3","2810","2417","5226","605","5831","441","2457","1830","4287","558","4845","407","44","174","259","1071","1507","1513","339","924","174","248","899","1110","1306","262","811","24472","30303","19.2","80.8","2804","2436","5240","610","5850","441","44","174","259","1073","1515","1512","341","934","2452","1839","4291","564","4855","407","174","248","899","1112","1305","30223","263","820","24373","19.4","80.6","5288","17.5","25015","82.5","82.5","5301","17.5","24922"
"2013 Q4","2816","2415","5231","449","5680","440","2460","1820","4280","416","4696","405","43","168","258","1061","1526","1516","339","770","168","247","889","1119","1310","261","670","24655","30335","18.7","81.3","2817","2411","5228","450","5678","440","43","169","258","1062","1522","1516","337","771","2461","1818","4279","416","4695","405","168","247","889","1117","1310","30329","259","670","24651","18.7","81.3","5292","17.4","25043","82.6","82.6","5288","17.4","25041"
"2014 Q1","2831","2400","5231","352","5582","435","2475","1807","4281","327","4609","401","43","167","257","1060","1526","1527","334","667","167","246","887","1118","1324","257","577","24988","30570","18.3","81.7","2830","2388","5218","351","5569","435","43","167","257","1059","1520","1523","333","667","2472","1799","4271","327","4598","401","167","246","887","1116","1318","30640","257","577","25071","18.2","81.8","5293","17.3","25277","82.7","82.8","5279","17.2","25361"
"2014 Q2","2838","2370","5208","346","5555","437","2476","1786","4262","322","4584","403","43","164","256","1061","1517","1523","322","668","164","246","888","1112","1317","247","577","25133","30688","18.1","81.9","2843","2368","5211","346","5557","437","43","164","256","1060","1518","1528","323","666","2482","1787","4269","322","4591","403","164","246","888","1114","1324","30702","248","576","25145","18.1","81.9","5267","17.2","25421","82.8","82.8","5271","17.2","25431"
"2014 Q3","2862","2326","5188","344","5532","435","2499","1762","4261","321","4581","401","43","163","256","1052","1507","1536","317","659","163","245","882","1112","1330","244","571","25392","30924","17.9","82.1","2856","2343","5199","344","5543","435","43","163","256","1054","1515","1534","319","660","2495","1771","4266","321","4587","401","163","245","882","1115","1329","30848","245","572","25305","18.0","82.0","5246","17.0","25678","83.0","83.0","5259","17.0","25589"
"2014 Q4","2870","2330","5200","342","5542","433","2503","1760","4263","319","4582","400","42","161","255","1045","1524","1538","316","660","161","244","876","1121","1333","243","571","25467","31009","17.9","82.1","2871","2326","5197","343","5540","433","42","162","255","1046","1520","1538","314","661","2505","1758","4263","319","4582","400","161","244","876","1119","1333","31003","241","571","25463","17.9","82.1","5259","17.0","25750","83.0","83.1","5255","16.9","25748"
"2015 Q1","2876","2315","5191","338","5529","434","2511","1748","4259","315","4574","400","40","161","255","1036","1521","1549","309","656","161","245","867","1119","1346","237","568","25532","31061","17.8","82.2","2875","2305","5180","338","5518","434","40","161","255","1034","1516","1545","309","656","2507","1741","4248","315","4563","400","161","245","867","1117","1340","31129","237","568","25611","17.7","82.3","5258","16.9","25803","83.1","83.2","5245","16.8","25884"
"2015 Q2","2873","2287","5160","337","5497","425","2506","1726","4232","313","4545","392","40","159","254","1020","1519","1546","305","654","159","243","853","1117","1340","234","567","25676","31173","17.6","82.4","2878","2285","5163","337","5500","425","40","159","254","1019","1520","1551","305","652","2512","1727","4239","313","4552","392","159","243","853","1118","1346","31188","235","565","25688","17.6","82.4","5225","16.8","25948","83.2","83.2","5229","16.8","25959"
"2015 Q3","2895","2243","5139","338","5477","419","2521","1701","4222","314","4536","387","38","159","252","1014","1506","1560","300","647","159","241","852","1108","1353","231","561","26023","31500","17.4","82.6","2890","2259","5149","337","5486","419","38","159","252","1016","1514","1558","302","648","2518","1709","4227","314","4541","387","159","241","852","1111","1352","31436","232","562","25950","17.5","82.5","5205","16.5","26295","83.5","83.4","5218","16.6","26218"
"2015 Q4","2909","2255","5164","337","5501","417","2535","1705","4241","313","4553","386","38","158","250","1016","1520","1571","301","647","158","240","852","1115","1366","231","561","26049","31550","17.4","82.6","2910","2251","5161","338","5499","417","38","159","250","1017","1516","1571","299","648","2537","1703","4240","313","4553","386","158","240","852","1113","1367","31541","230","562","26042","17.4","82.6","5229","16.6","26321","83.4","83.4","5225","16.6","26316"
"2016 Q1","2929","2242","5171","338","5509","419","2556","1694","4250","314","4564","387","39","158","248","1013","1521","1582","295","652","158","238","849","1115","1381","227","565","26029","31538","17.5","82.5","2927","2232","5159","338","5497","419","39","158","248","1011","1516","1579","295","651","2551","1688","4239","313","4552","387","158","238","849","1113","1375","31603","227","564","26106","17.4","82.6","5236","16.6","26302","83.4","83.5","5224","16.5","26379"
"2016 Q2","2931","2217","5148","335","5483","416","2551","1676","4227","311","4538","384","39","158","247","1003","1515","1584","293","644","158","237","842","1110","1378","225","558","26280","31763","17.3","82.7","2936","2215","5151","335","5486","416","39","158","247","1003","1515","1589","293","643","2557","1677","4234","311","4545","384","158","237","842","1111","1384","31779","225","557","26293","17.3","82.7","5215","16.4","26548","83.6","83.6","5218","16.4","26561"
"2016 Q3","2962","2179","5141","332","5472","416","2581","1652","4232","308","4540","385","38","158","247","1000","1511","1598","283","638","158","236","842","1111","1393","218","553","26376","31848","17.2","82.8","2958","2194","5152","331","5483","416","38","158","247","1002","1519","1596","285","639","2578","1660","4238","308","4546","385","158","236","842","1114","1392","31794","219","554","26311","17.2","82.8","5207","16.3","26641","83.7","83.6","5220","16.4","26574"
"2016 Q4","2975","2173","5148","328","5476","416","2588","1646","4234","305","4538","385","39","157","246","1003","1517","1601","281","632","157","235","844","1114","1395","217","547","26384","31860","17.2","82.8","2976","2169","5145","329","5474","416","39","157","246","1004","1513","1601","279","633","2590","1644","4234","306","4540","385","157","235","844","1111","1396","31847","216","548","26373","17.2","82.8","5213","16.4","26647","83.6","83.6","5209","16.4","26638"
"2017 Q1","3004","2155","5159","326","5485","419","2617","1632","4249","303","4552","389","40","157","245","1007","1513","1616","278","629","157","235","848","1110","1411","215","545","26406","31891","17.2","82.8","3001","2146","5147","326","5473","419","40","157","245","1004","1509","1613","278","628","2611","1627","4238","302","4540","389","157","235","848","1109","1405","31956","215","544","26483","17.1","82.9","5223","16.4","26668","83.6","83.7","5211","16.3","26745"
"2017 Q2","3025","2127","5152","325","5477","423","2627","1611","4238","302","4540","392","39","156","245","1012","1506","1618","274","627","156","235","852","1104","1408","211","543","26641","32118","17.1","82.9","3029","2125","5154","325","5479","423","39","156","245","1012","1506","1623","274","626","2633","1612","4245","302","4547","392","156","235","852","1105","1415","32133","211","542","26654","17.1","82.9","5216","16.2","26902","83.8","83.8","5219","16.2","26914"
"2017 Q3","3048","2093","5141","323","5464","423","2649","1592","4242","300","4542","392","38","155","245","1014","1489","1631","270","621","155","235","856","1096","1422","209","539","26674","32138","17.0","83.0","3045","2106","5151","323","5474","423","38","155","245","1017","1497","1628","272","622","2646","1599","4245","300","4545","392","155","235","856","1099","1420","32094","210","540","26620","17.1","82.9","5205","16.2","26933","83.8","83.7","5217","16.3","26877"
"2017 Q4","3074","2088","5162","183","5345","427","2669","1589","4258","170","4428","396","37","155","246","1017","1498","1639","231","521","155","236","859","1102","1429","173","446","26914","32259","16.6","83.4","3076","2084","5160","184","5344","427","37","156","246","1018","1494","1640","230","522","2672","1587","4259","171","4430","396","155","236","859","1099","1430","32241","172","447","26897","16.6","83.4","5226","16.2","27033","83.8","83.8","5223","16.2","27018"
"2018 Q1","3100","2073","5173","187","5360","430","2696","1578","4274","174","4447","399","35","155","246","1026","1500","1645","229","525","155","236","865","1103","1440","171","450","26965","32325","16.6","83.4","3097","2065","5162","186","5348","430","35","154","246","1023","1496","1642","229","524","2689","1573","4262","173","4435","399","154","236","865","1102","1433","32389","171","449","27041","16.5","83.5","5241","16.2","27084","83.8","83.9","5230","16.1","27159"
"2018 Q2","3114","2060","5175","172","5347","431","2699","1568","4267","160","4427","400","35","153","247","1029","1501","1644","223","515","153","236","868","1102","1433","166","441","27048","32395","16.5","83.5","3118","2059","5177","172","5349","431","35","153","247","1028","1501","1649","223","515","2706","1569","4275","160","4435","400","153","236","868","1103","1440","32408","166","440","27059","16.5","83.5","5241","16.2","27154","83.8","83.8","5244","16.2","27164"
"2018 Q3","3144","2033","5177","157","5334","436","2728","1554","4282","147","4429","404","34","153","247","1030","1485","1666","213","506","153","236","872","1094","1454","159","434","27197","32531","16.4","83.6","3141","2045","5186","157","5343","436","34","153","247","1033","1493","1663","215","507","2725","1560","4285","147","4432","404","153","236","872","1097","1451","32492","160","435","27149","16.4","83.6","5244","16.1","27287","83.9","83.8","5255","16.2","27237"
"2018 Q4","3166","2040","5206","155","5361","440","2745","1558","4304","145","4448","409","35","151","247","1038","1498","1671","216","504","151","237","879","1103","1459","160","432","27376","32737","16.4","83.6","3169","2036","5205","156","5361","440","35","152","247","1039","1494","1672","215","504","2749","1556","4305","146","4451","409","151","237","879","1100","1461","32714","159","433","27353","16.4","83.6","5272","16.1","27465","83.9","83.9","5269","16.1","27445"
"2019 Q1","3200","2031","5231","154","5385","446","2781","1555","4336","144","4480","414","36","153","249","1052","1495","1686","214","499","153","238","893","1102","1480","159","428","27310","32695","16.5","83.5","3196","2024","5220","153","5373","446","36","152","249","1048","1491","1683","213","498","2773","1551","4324","143","4467","414","152","238","893","1101","1473","32746","159","427","27373","16.4","83.6","5296","16.2","27399","83.8","83.9","5284","16.1","27462"
"2019 Q2","3214","2022","5236","155","5391","448","2785","1549","4334","146","4480","416","36","152","249","1054","1496","1689","216","498","152","238","896","1102","1475","161","428","27374","32765","16.5","83.5","3217","2021","5238","154","5392","448","36","152","249","1053","1496","1694","216","498","2792","1550","4342","145","4487","416","152","238","896","1103","1482","32777","161","428","27385","16.5","83.5","5302","16.2","27463","83.8","83.8","5306","16.2","27471"
"2019 Q3","3249","2004","5252","155","5408","451","2820","1541","4361","146","4507","419","35","153","252","1052","1484","1714","211","506","153","241","896","1097","1501","158","435","27407","32815","16.5","83.5","3247","2015","5262","155","5417","451","35","153","252","1056","1492","1710","213","507","2816","1547","4363","146","4509","419","153","241","896","1100","1498","32801","159","436","27384","16.5","83.5","5319","16.2","27496","83.8","83.8","5330","16.2","27471"
"2019 Q4","3269","2012","5281","154","5435","453","2835","1546","4381","144","4526","421","35","153","253","1064","1490","1726","213","501","153","243","904","1100","1510","159","430","27597","33032","16.5","83.5","3273","2008","5281","155","5436","453","35","154","253","1065","1486","1728","212","501","2840","1544","4384","145","4529","421","154","243","904","1097","1513","32985","158","430","27549","16.5","83.5","5347","16.2","27685","83.8","83.8","5344","16.2","27641"
"2020 Q1","3303","2012","5314","159","5474","456","2875","1548","4423","150","4572","423","36","155","258","1070","1486","1748","211","510","155","248","909","1098","1540","157","439","27288","32762","16.7","83.3","3299","2005","5304","158","5462","456","36","154","258","1066","1482","1745","210","509","2866","1544","4410","149","4559","423","154","248","909","1097","1532","32779","157","438","27317","16.7","83.3","5380","16.4","27382","83.6","83.6","5368","16.4","27411"
"2020 Q2","3341","2001","5342","208","5550","459","2905","1544","4448","197","4645","426","36","156","261","1073","1481","1777","209","557","156","250","914","1096","1561","155","486","26982","32532","17.1","82.9","3343","2001","5344","207","5551","459","36","156","261","1072","1481","1782","209","557","2913","1545","4458","196","4654","426","156","250","914","1097","1569","32549","155","486","26998","17.1","82.9","5407","16.6","27125","83.4","83.4","5412","16.6","27137"
"2020 Q3","3353","1992","5344","204","5548","463","2923","1543","4466","194","4660","431","36","157","263","1077","1481","1780","208","548","157","252","921","1102","1566","156","479","26778","32326","17.2","82.8","3351","2003","5354","205","5559","463","36","157","263","1081","1488","1776","210","549","2918","1549","4467","194","4661","431","157","252","921","1105","1562","32309","157","480","26750","17.2","82.8","5408","16.7","26918","83.3","83.2","5418","16.8","26891"
"2020 Q4","3385","2004","5388","203","5591","473","2955","1553","4508","192","4700","441","35","157","264","1095","1490","1791","211","547","157","254","937","1107","1581","159","478","26579","32170","17.4","82.6","3389","2000","5389","203","5592","473","35","158","264","1097","1487","1794","210","547","2961","1551","4512","193","4705","441","158","254","937","1104","1585","32126","158","478","26534","17.4","82.6","5451","16.9","26719","83.1","83.0","5449","17.0","26677"
"2021 Q1","3475","2007","5481","202","5683","505","3039","1558","4597","192","4789","468","35","160","268","1129","1488","1840","212","551","160","257","967","1106","1631","160","481","26477","32160","17.7","82.3","3470","2001","5471","201","5672","505","35","159","268","1124","1484","1836","211","550","3030","1554","4584","191","4775","468","159","257","967","1106","1623","32174","160","480","26502","17.6","82.4","5542","17.2","26618","82.8","82.8","5529","17.2","26645"
"2021 Q2","3473","2001","5475","200","5675","498","3028","1555","4584","191","4775","465","34","159","269","1121","1491","1841","209","549","159","258","964","1110","1618","158","481","26718","32393","17.5","82.5","3475","2001","5476","199","5675","498","34","159","269","1120","1491","1846","209","550","3037","1556","4593","190","4783","465","159","258","964","1111","1626","32409","158","481","26734","17.5","82.5","5533","17.1","26860","82.9","82.9","5539","17.1","26870"
"2021 Q3","3502","1991","5494","194","5688","505","3075","1553","4628","185","4813","473","35","159","271","1123","1490","1852","210","549","159","260","968","1114","1644","159","481","26913","32601","17.4","82.6","3500","2001","5501","195","5696","505","35","159","271","1127","1497","1848","212","550","3069","1558","4627","186","4813","473","159","260","968","1117","1639","32583","160","481","26887","17.5","82.5","5547","17.0","27054","83.0","82.9","5556","17.1","27027"
"2021 Q4","3520","2004","5524","195","5719","507","3080","1562","4642","185","4827","475","35","158","270","1130","1501","1861","212","551","158","260","974","1123","1641","161","482","26847","32566","17.6","82.4","3524","2000","5524","195","5719","507","35","159","270","1131","1498","1863","211","550","3086","1559","4645","186","4831","475","159","260","974","1120","1646","32530","160","481","26811","17.6","82.4","5578","17.1","26988","82.9","82.9","5574","17.1","26956"
"2022 Q1","3550","2003","5553","194","5747","512","3116","1562","4678","185","4863","480","35","158","272","1145","1501","1880","213","544","158","262","988","1120","1669","161","477","26953","32700","17.6","82.4","3543","1997","5540","193","5733","512","35","157","272","1140","1497","1874","212","543","3105","1558","4663","184","4847","480","157","262","988","1119","1659","32707","161","476","26974","17.5","82.5","5608","17.1","27092","82.9","82.9","5593","17.1","27114"
"2022 Q2","3550","1995","5545","194","5740","512","3108","1557","4666","185","4851","479","34","156","272","1144","1499","1878","213","542","156","262","987","1122","1660","162","476","26998","32738","17.5","82.5","3552","1995","5547","194","5741","512","34","156","272","1143","1499","1883","213","543","3117","1558","4675","184","4859","479","156","262","987","1123","1670","32746","162","477","27005","17.5","82.5","5601","17.1","27137","82.9","82.9","5608","17.1","27138"
"2022 Q3","3576","1985","5561","197","5758","513","3146","1555","4702","188","4889","481","34","155","274","1143","1494","1900","211","547","155","264","989","1120","1693","161","481","27036","32794","17.6","82.4","3576","1995","5571","198","5769","513","34","155","274","1148","1501","1899","213","548","3140","1561","4701","188","4889","481","155","264","989","1122","1687","32773","162","481","27004","17.6","82.4","5619","17.1","27175","82.9","82.8","5630","17.2","27143"
"2022 Q4","3602","1999","5601","198","5799","515","3152","1565","4718","188","4906","483","34","153","276","1152","1506","1915","212","551","153","265","996","1126","1694","162","484","27065","32864","17.6","82.4","3608","1996","5604","198","5802","515","34","154","276","1154","1503","1918","211","550","3162","1563","4725","189","4914","483","154","265","996","1124","1702","32839","161","484","27037","17.7","82.3","5659","17.2","27205","82.8","82.8","5657","17.2","27182"
"2023 Q1","3643","2005","5648","199","5848","521","3203","1572","4775","190","4965","488","34","153","279","1162","1510","1944","211","554","153","269","1005","1130","1733","161","487","27263","33111","17.7","82.3","3635","1999","5634","199","5833","521","34","152","279","1156","1506","1937","210","553","3191","1568","4759","189","4948","488","152","269","1005","1129","1722","33089","161","486","27256","17.6","82.4","5707","17.2","27404","82.8","82.8","5691","17.2","27398"
